Antonym,Name,Rank
AAAI,National Conference of the American Association for Artificial Intelligence,A*
AAMAS,International Conference on Autonomous Agents and Multiagent Systems,A*
ACL,Association of Computational Linguistics,A*
ACMMM,ACM Multimedia,A*
ASPLOS,Architectural Support for Programming Languages and Operating Systems,A*
CAV,Computer Aided Verification,A*
CCS,ACM Conference on Computer and Communications Security,A*
CHI,International Conference on Human Factors in Computing Systems,A*
COLT,Annual Conference on Computational Learning Theory,A*
CRYPTO,Advances in Cryptology,A*
CSCL,Computer Supported Collaborative Learning,A*
DCC,Data Compression Conference,A*
DSN,IEEE/IFIP International Conference on Dependable Systems,A*
EuroCrypt,International Conference on the Theory and Application of Cryptographic Techniques,A*
FOCS,IEEE Symposium on Foundations of Computer Science,A*
FOGA,Foundations of Genetic Algorithms,A*
HPCA,International Symposium on High Performance Computer Architecture,A*
I3DG,ACM SIGRAPH Interactive 3D Graphics,A*
ICCV,IEEE International Conference on Computer Vision,A*
ICDE,International Conference on Data Engineering,A*
ICDM,IEEE International Conference on Data Mining,A*
ICFP,International Conference on Functional Programming,A*
ICIS,International Conference on Information Systems,A*
ICML,International Conference on Machine Learning,A*
ICSE,International Conference on Software Engineering,A*
IJCAI,International Joint Conference on Artificial Intelligence,A*
IJCAR,International Joint Conference on Automated Reasoning,A*
ISCA,ACM International Symposium on Computer Architecture,A*
ISMAR,IEEE/ACM International Symposium on Mixed and Augmented Reality,A*
ISSAC,International Symposium on Symbolic and Algebraic Computation,A*
ISWC,IEEE International Symposium on Wearable Computing,A*
KR,International Conference on the Principles of Knowledge Representation and Reasoning,A*
LICS,IEEE Symposium on Logic in Computer Science,A*
NIPS,Advances in Neural Information Processing Systems,A*
OOPSLA,ACM Conference on Object Oriented Programming Systems Languages and Applications,A*
OSDI,Usenix Symposium on Operating Systems Design and Implementation,A*
PERCOM,IEEE International Conference on Pervasive Computing and Communications,A*
PERVASIVE,International Conference on Pervasive Computing,A*
PLDI,ACM SIGPLAN Conference on Programming Language Design and Implementation,A*
PODC,ACM Symposium on Principles of Distributed Computing,A*
PODS,ACM SIGMOD SIGACT SIGART Conference on Principles of Database Systems,A*
POPL,ACM SIGACT Symposium on Principles of Programming Languages,A*
SIGGRAPH,ACM SIG International Conference on Computer Graphics and Interactive Techniques,A*
SIGIR,ACM International Conference on Research and Development in Information Retrieval,A*
SIGKDD,ACM International Conference on Knowledge Discovery and Data Mining,A*
SIGMOD,ACM Special Interest Group on Management of Data Conference,A*
SODA,ACM/SIAM Symposium on Discrete Algorithms,A*
SOSP,ACM SIGOPS Symposium on Operating Systems Principles,A*
STOC,ACM Symposium on Theory of Computing,A*
UAI,Conference in Uncertainty in Artificial Intelligence,A*
UbiComp,Ubiquitous Computing,A*
VLDB,International Conference on Very Large Databases,A*
WWW,International World Wide Web Conference,A*
ISWC,International Semantic Web Conference,A*
DSN,Workshop on Assurance Cases for Security,A*
ICIS,IEEE/ACIS International Conference on Computer and Information Science,A*
ICIS,"International Conference on Interaction Sciences: Information Technology, Culture and Human",A*
ACIS,Australasian Conference on Information Systems,A
ACSAC,Annual Computer Security Applications Conference,A
AIIM,Artificial Intelligence in Medicine,A
AIME,Artificial Intelligence in Medicine in Europe,A
AiML,Advances in Modal Logic,A
ALENEX,Workshop on Algorithm Engineering and Experiments,A
ALIFE,International Conference on the Simulation and Synthesis of Living Systems,A
ALT,Algorithmic Learning Theory,A
AMCIS,Americas Conference on Information Systems,A
AOSD,Aspect Oriented Software Development,A
APPROX,International Workshop on Approximation Algorithms for Combinatorial Optimization Problems,A
ASAP,International Conference on Apps for Specific Array Processors,A
ASE,Automated Software Engineering Conference,A
ASIACRYPT,International Conference on the Theory and Application of Cryptology and Information Security,A
ATVA,International Symposium on Automated Technology for Verification and Analysis,A
BPM,International Conference in Business Process Management,A
CADE,International Conference on Automated Deduction,A
CaiSE,International Conference on Advanced Information Systems Engineering,A
CANIM,Computer Animation,A
CBSE,International Symposium Component Based Software Engineering,A
CC,International Conference on Compiler Construction,A
CCC,IEEE Symposium on Computational Complexity,A
CCGRID,"IEEE International Symposium on Cluster, Cloud and Grid Computing",A
CGO,International Symposium on Code Generation and Optimization,A
CIDR,Conference on Innovative Data Systems Research,A
CIKM,ACM International Conference on Information and Knowledge Management,A
CLUSTER,IEEE International Conference on Cluster Computing,A
COCOON,International Conference on Computing and Combinatorics,A
CogSci,Annual Conference of the Cognitive Science Society,A
COLING,International Conference on Computational Linguistics,A
CONCUR,International Conference on Concurrency Theory,A
CoNEXT,ACM International Conference on Emerging Networking Experiments and Technologies,A
CoNLL,Conference on Natural Language Learning,A
CoopIS,International Conference on Cooperative Information Systems,A
Coordination,International Conference on Coordination Models and Languages,A
CP,International Conference on Principles and Practice of Constraint Programming,A
CSB,IEEE Computational Systems Bioinformatics Conference,A
CSCW,ACM Conference on Computer Supported Cooperative Work,A
CSF,IEEE Computer Security Foundations Symposium (was CSFW),A
CSSAC,Cognitive Science Society Annual Conference,A
CVPR,IEEE Conference on Computer Vision and Pabern Recognition,A
DASFAA,Database Systems for Advanced Applications,A
DESRIST,International Conference on Design Science Research in Information Systems and Technology,A
DISC,International Symposium on Distributed Computing (was WDAG),A
e Science,IEEE International Conference on e Science and Grid Computing,A
EACL,European Association of Computational Linguistics,A
EASE,International Conference on Evaluation and Assessment in Software Engineering,A
ECAI,European Conference on Artificial Intelligence,A
ECCV,European Conference on Computer Vision,A
ECIS,European Conference on Information Systems,A
ECML,European Conference on Machine Learning,A
ECOOP,European Conference on Object Oriented Programming,A
EDBT,Extending Database Technology,A
EMNLP,Empirical Methods in Natural Language Processing,A
ER,International Conference on Conceptual Modelling,A
ESA,European Symposium on Algorithms,A
ESEM,International Symposium on Empirical Software Engineering and Measurement,A
ESOP,European Symposium on Programming,A
ESORICS,European Symposium On Research In Computer Security,A
ESQARU,International Joint Conference on Qualitative and Quantitative Practical Reasoning,A
Euro Par,International Conference on Parallel Processing,A
H,European Graphics Conference EUROGRAP,A
EuroSpeech,European Conference on Speech Communication and Technology (now Interspeech),A
EuroSys,Eurosys Conference,A
FAST,Conference on File and Storage Technologies,A
FC,Financial Cryptography and Data Security Conference,A
FCT,International Symposium on Fundamentals of Computer Theory,A
FLOPS,International Symposium on Functional and Logic Programming,A
FME,Formal Methods Europe,A
FODO,International Conference on Foundation on Data Organization,A
FOIS,International Conference on Formal Ontology in Information Systems,A
FORTE,"IFIP Joint International Conference on Formal Description Techniques and Protocol Specification, Testing, And Verification",A
FSE,ACM SIGSOFT International Symposium on the Foundations of Software Engineering,A
FUZZ IEEE,IEEE International Conference on Fuzzy Systems,A
GD,Graph Drawing,A
GECCO,Genetic and Evolutionary Computations,A
GRAPP,International Conference on Computer Graphics Theory and Application,A
GRID,IEEE/ACM International Conference on Grid Computing,A
HCI,British Computer Society Conference on Human Computer Interaction,A
HICSS,Hawaii International Conference on System Sciences,A
HiPC,International Conference on High Performance Computing,A
HotOS,USENIX Workshop on Hot Topics in Operating Systems,A
HPDC,ACM International Symposium on High Performance Distributed Computing,A
Hypertext,ACM Conference on Hypertext and Hypermedia,A
ICALP,International Colloquium on Automata Languages and Programming,A
ICCAD,IEEE/ACM International Conference on Computer Aided Design,A
ICCS,International Conference on Computational Science,A
ICDCS,International Conference on Distributed Computing Systems,A
ICDT,International Conference on Database Theory,A
ICLP,International Conference on Logic Programming,A
ICONIP,International Conference on Neural Information Processing,A
ICPP,International Conference on Parallel Processing,A
ICS,ACM International Conference on Supercomputing,A
ICSM,IEEE International Conference on Software Maintenance,A
ICSOC,International Conference on Service Oriented Computing,A
ICSP,International Conference on Software Process,A
ICSPC,International Conference on Security in Pervasive Computing,A
ICSR,International Conference on Software Reuse,A
ICTL,International Conference on Temporal Logic,A
ICWS,IEEE International Conference on Web Services,A
IDA,Intelligent Data Analysis,A
Alife,IEEE International Symposium on Artificial Life IEEE,A
CEC,IEEE Congress on Evolutionary Computation IEEE,A
INFOCOM,IEEE Conference on Computer Communications IEEE,A
InfoVis,IEEE Information Visualization Conference IEEE,A
NCA,IEEE International Symposium on Network Computing and Applications IEEE,A
VIS,IEEE Visualization IEEE,A
IJCNN,IEEE International Joint Conference on Neural Networks,A
IMC,Internet Measurement Conference,A
Interact,IFIP TC13 Conference on Human Computer Interaction,A
Interspeech,Annual Conference of the International Speech Communication Association (was Eurospeech),A
IPCO,Conference on Integer Programming and Combinatorial Optimization,A
IPDPS,IEEE International Parallel and Distributed Processing Symposium (was IPPS and SPDP),A
ISAAC,International Symposium on Algorithms and Computation,A
ISD,International Conference on Information Systems Development,A
ISMB,Intelligent Systems in Molecular Biology,A
ISMM,International Symposium on Memory Management,A
ISSRE,International Symposium on Software Reliability Engineering,A
ISSTA,International Symposium on Software Testing and Analysis,A
ITiCSE,Annual Conference on Innovation and Technology in Computer Science Education,A
ITS,International Conference on Intelligent Tutoring Systems,A
IUI,International Conference on Intelligent User Interfaces,A
JELIA,"Logics in Artificial Intelligence, European Conference",A
K CAP,Knowledge capture,A
LPAR,Logic Programming and Automated Reasoning,A
LPNMR,International Conference on Logic Programming and Non monotonic Reasoning,A
MFCS,International Symposium on Mathematical Foundations of Computer Science,A
MICCAI,Medical Image Computing and Computer Assisted Intervention,A
Middleware,ACM/IFIP/USENIX International Middleware Conference,A
MMCN,ACM/SPIE Multimedia Computing and Networking,A
MOBIHOC,ACM Symposium of Mobile and Ad Hoc Computing,A
Mobiquitous,International Conference on Mobile and Ubiquitous Systems: Networks and Services,A
NAACL,North American Association for Computational Linguistics,A
NDSS,Usenix Network and Distributed System Security Symposium,A
NOSSDAV,Network and OS Support for Digital A/V,A
OCIS,AoM Organizational Communication and Information Systems,A
PACIS,Pacific Asia Conference on Information Systems,A
PACT,International Conference on Parallel Architecture and Compilation Techniques,A
PAKDD,Pacific Asia Conference on Knowledge Discovery and Data Mining,A
PG,Pacific Conference on Computer Graphics and Applications,A
PKDD,European Conference on Principles and Practice of Knowledge Discovery in Databases,A
PPoPP,Principles and Practice of Parallel Programming,A
PPSN,Parallel Problem Solving from Nature,A
QoSA,Conference on the Quality of Software Architectures,A
RANDOM,International Workshop on Randomization and Computation,A
RE,IEEE International Requirements Engineering Conference,A
RST,International Conference on Reliable Software Technologies,A
StiP,IEEE Symposium on Security and Privacy,A
SAS,Static Analysis Symposium,A
SAT,International Conference on Theory and Applications of Satisfiability Testing,A
SC,ACM/IEEE Supercomputing Conference,A
SCC,IEEE International Conference on Services Computing,A
SCG,ACM Symposium on Computational Geometry,A
SDM,SIAM International Conference on Data Mining,A
SecureCom,International Conference on Security and Privacy for Communication Networks,A
SIGCOMM,"ACM Conference on Applications, Technologies, Architectures, and Protocols for Computer Communication",A
SIGCSE,ACM Special Interest Group on Computer Science Education Conference,A
SPAA,Symposium on Parallelism in Algorithms and Architectures,A
SRDS,Symposium on Reliable Distributed Systems,A
SSDBM,International Conference on Scientific and Statistical Data Base Management,A
SSPR,Structural and Syntactical Pabern Recognition,A
TABLEAUX,International Conference on Theorem Proving with Analytic Tableaux and Related Methods,A
TACAS,Tools and Algorithms for Construction and Analysis of Systems,A
TARK,Theoretical Aspects of Rationality and Knowledge,A
TCC,Theory of Cryptography Conference,A
TEI,"Tangible, Embedded, and Embodied Interaction",A
TIME,International Symposium on Temporal Representation and Reasoning,A
TPHOLs,International Conference on Theorem Proving in Higher Order Logics (will be ITP from 2010),A
TrustCom,IEEE/IFIP International Symposium on Trusted Computing and Communications,A
UIST,ACM Symposium on User Interface Software and Technology,A
USENIX,Usenix Annual Technical Conference,A
USENIXSecurity,Usenix Security Symposium,A
VEE,International Conference on Virtual Execution Environments,A
VL/HCC,IEEE Symposium on Visual Languages and Human Centric Computing (was VL),A
VRST,ACM Virtual Reality Software and Technology,A
WACV,IEEE Workshop on Applications of Computer Vision,A
WADS,Algorithms and Data Structures Symposium (was Workshop on Algorithms and Data Structures),A
WG,International Workshop on Graph Theoretic Concepts in Computer Science,A
WICSA,IEEE/IFIP Working Conference on Software Architecture (now with ECSA),A
WISE,International Conference on Web Information Systems Engineering,A
Coding,IMA International Conference on Cryptography and,B
Conference,Australian Digital Forensics,B
Conference,Australian Information Security Management,B
3DUI,IEEE Symposium on 3D User Interfaces,B
AAAAECC,"International Symposium on Applied Algebra, Algebraic Algorithms and Error Correcting Codes",B
ACAL,Australian Conference on Artificial Life,B
ACCV,Asian Conference on Computer Vision,B
ACE,Australasian Conference on Computer Science Education,B
ACISP,Australasian Conference on Information Security and Privacy,B
ACIVS,Advanced Concepts for Intelligent Vision Systems,B
ACKMIDS,Australian Conference for Knowledge Management and Intelligent Decision Support,B
CPR,ACM SIGMIS CPR Conference ACMSIGMIS,B
ACNS,International Conference on Applied Cryptography and Network Security,B
ACRA,Australasian Conference on Robotics and Automation,B
ACSAC,Australasian Computer Systems Architecture Conference (now Asia Pacific Computer Systems Architecture Conference),B
ACSC,Australasian Computer Science Conference,B
ACSD,Application of Concurrency to System Design,B
ADBIS,Symposium on Advances in DB and Information Systems,B
ADC,Australasian Database Conference,B
AdCom,International Conference on Advanced Computing and Communications,B
ADMA,International Conference on Advanced Data Mining and Applications,B
ADMI,International Workshop on Agents and Data Mining Interaction,B
ADTI,International Symposium on Advanced DB Technologies and Integration,B
Agile,Conference on Agile Software Development,B
AI,Australasian Joint Conference on Artificial Intelligence,B
AI*IA,Congress of the Italian Assoc for AI,B
AINA,International Conference on Advanced Information Networking and Applications (was ICOIN),B
AISC,Australasian Information Security Conference,B
AISTA,International Conference on Advances in Intelligent Systems: Theory and Applications,B
AISTATS,International Conference on Artificial Intelligence and Statistics,B
ALP,International Conference on Algebraic and Logic Programming,B
AMTA,Conference of the Association for Machine Translation in the Americas,B
ANALCO,Workshop on Analytic Algorithms and Combinatorics,B
ANNIE,Artificial Neural Networks in Engineering Conference,B
ANTS,International Workshop on Ant Colony,B
AofA,Conference on Analysis of Algorithms,B
AOIS,Agent Oriented Information Systems Workshop,B
APBC,Asia Pacific Bioinformatics Conference,B
APCCM,Asia Pacific Conference on Conceptual Modelling,B
APLAS,ASIAN Symposium on Programming Languages and Systems,B
ARES,"International Conference on Availability, Reliability and Security",B
AsiaCCS,"ACM Symposium on Information, Computer and Communications Security",B
ASIAN,Asian Computing Science Conference,B
ASIV,Australian Symposium on Information Visualisation,B
ASWEC,Australian Software Engineering Conference,B
AUIC,Australasian User Interface Conference,B
AusDM,Australian Data Mining Conference,B
AVI,Advanced Visual Interfaces,B
AWOCA,Australasian Workshop on Combinatorial Algorithms,B
AWRE,Australian Workshop on Requirements Engineering,B
BECC,Bled Electronic Commerce Conference,B
BIS,International Conference on Business Information Systems,B
BMVC,British Machine Vision Conference,B
BNCOD,British National Conference on Databases,B
CAADRIA,Association for Computer Aided Architectural Design Research in Asia (CAADRIA) annual conference,B
CAAI,Canadian Artificial Intelligence Conference,B
CAAN,Workshop on Combinatorial and Algorithmic Aspects of Networking,B
CAIA,Conference on Artificial Intelligence for Applications,B
CAIP,International Conference on Computer Analysis of Images and Paberns,B
CANS,International Conference on Cryptology and Network Security,B
CATAC,Cultural Altudes towards Technology and Communications,B
CATS,Computing: The Australasian Theory Symposium,B
CD,IFIP/ACM Working Conference on Component Deployment,B
CEAS,International Conference on Email and Anti Spam,B
CGI,Computer Graphics International,B
CIAA,International Conference on Implementation and Application of Automata,B
CICLING,International Conference on Intelligent Text Processing and Computational Linguistics,B
CISIS,Computational Intelligence in Security for Information Systems,B
CISTM,"Conference on Information Science, Technology and Management",B
CITB,Complexity and information theoretic approaches to biology,B
CLOUD,IEEE International Conference on Cloud Computing,B
COCOA,Conference on Combinatorial Optimization and Applications,B
COGROBO,International Cognitive Robotics Conference,B
CollECTeR,Collaborative Electronic Commerce Technology and Research,B
COMAD,International Conference on Management of Data,B
ENSE,Symposium on Logical Formalizations of Commonsense Reasoning COMMONS,B
Complexity,IEEE Conference on Computational Complexity,B
CompLife,International Symposium on Computational Life Science,B
COMPSAC,International Computer Software and Applications Conference,B
Conf IRM,International Conference on Information Resources Management,B
COPLAS,Workshop on Constraint Satisfaction for Planning and Scheduling,B
CPAIOR,International Conference on Integration of Artificial Intelligence and Operations Research Techniques in Constraint Programming for Combinatorial Optimization Problems,B
CPM,Combinatorial Pabern Matching,B
CSCWD,International Conference on Computer Supported Cooperative Work in Design,B
CW,International Conference on Cyberworlds (was International Symposium on Cyberworlds),B
DAGM,Deutsche ArbeitsgemeinschaG f??r Mustererkennung DAGM e.V,B
DAIS,IFIP International Conference on Distributed Applications and Inoperable Systems,B
DALT,Declarative Agent Languages and Technologies,B
DaWaK,Data Warehousing and Knowledge Discovery,B
DBtiIS,International Baltic Conference on Databases and Information Systems,B
DBPL,Databases and Programming Language,B
DCOSS,IEEE International Conference on Distributed Computing in Sensor Systems,B
DEXA,International Conference on Database and Expert Systems Applications,B
DGO,International Conference on Digital Government Research,B
DIAGRAMS,The Theory and Application of Diagrams,B
DICTA,Digital Image Computing Techniques and Applications,B
DIMEA,ACM International Conference on Digital Interactive Media in Entertainment and Arts,B
DIS,Designing Interactive Systems,B
DLS,Dynamic Languages Symposium,B
DLT,Developments in Language Theory,B
DMTCS,International Conference on Discrete Mathematics and Theoretical Computer Science,B
DNA,International Meeting on DNA Computing and Molecular Programming,B
DOLAP,International Workshop on Data Warehousing and OLAP,B
DSOM,IFIP/IEEE International Workshop on Distributed Systems Operations and Management,B
DUX,Design for User Experience,B
EAMT,Conference of the European Association for Machine Translation,B
EC,ACM Conference on Electronic Commerce,B
ECAL,European Conference on Artificial Life,B
ECCB,European Conference on Computational Biology,B
ECIR,European Conference on Information Retrieval,B
ECSCW,European Conference on Computer Supported Cooperative Work,B
ECWeb,International Conference on Electronic Commerce and Web Technology,B
EDM,Educational Data Mining,B
EDOC,IEEE International Enterprise Distributed Object Computing Conference,B
EGPGV,Eurographics Symposium on Parallel Graphics and Visualization,B
EGVE,Eurographics Symposium on Virtual Environments,B
EKAW,International Conference on Knowledge Engineering and Knowledge Management,B
EKM,European Conference on Knowledge Management,B
EMCIS,"European, Mediterranean and Middle Eastern Conference on Information Systems",B
ENASE,International Conference on Evaluation of Novel Approaches to Software Engineering,B
EPIA,Portuguese Conference on Artificial Intelligence,B
P,ERCIM Annual Workshop on Constraint Solving and Constraint Logic Programming ERCIM/CSCL,B
ESANN,European Symposium on Artificial Neural Networks,B
ESEC,European Software Engineering Conference,B
ESM,European Simulation MultiConference,B
ESS,European Simulation Symposium,B
ETHICOMP,ETHICOMP Conference,B
EuAda,Ada Europe International Conference on Reliable Software Technologies,B
EUROGP,European Conference on Genetic Programming,B
EuroNLG,European Natural Language Generation Workshop,B
EUROPKI,European PKI Workshop: Theory and Practice,B
EuroPLop,European Conference on Pabern Languages of Programs,B
EuroSPI,European SPI,B
EuroVis,Eurographics/IEEE Symposium on Visualization,B
FASE,Fundamental Approaches to Software Engineering,B
FAW,International Frontiers of Algorithmics Workshop,B
FCKAML,French Conference on Knowledge Acquisition and Machine Learning,B
FEM,International Conference on Formal Engineering Methods,B
FINCRY,Financial Cryptography,B
FLINS,International Fuzzy Logic and Intelligent technologies in Nuclear Science Conference,B
FPSAC,Formal Power Series and Algebraic Combinatorics,B
FSE,International Workshop on Fast Software Encryption,B
FSTtiTCS,Foundations of Software Technology and Theoretical Computer Science,B
FTP,International Workshops on First Order Theorem Proving,B
FUN,Conference on Fun with Algorithms,B
GDN,International Conference of Society for Group Decision and Negotiation,B
GI,Graphics Interface,B
GITMA,Global Information Technology Management Association World Conference,B
GMP,Geometry Modeling and Processing,B
GPCE,International Conference on Generative Programming and Component Engineering,B
Group,ACM Special Interest Group on Supporting Group Work (was SIGGRoup),B
HASE,IEEE International Symposium on High Assurance Systems Engineering,B
HCW,Heterogeneity in Computing Workshop,B
HDKM,Australasian Workshop on Health Data and Knowledge Management,B
HOTI,IEEE Symposium on High Performance Interconnects,B
HotPower,Workshop on Power Aware Computing and Systems,B
HotWeb,IEEE Workshop on Hot Topics in Web Systems and Technologies,B
Asia,International Conference and Exhibition on High Performance Computing in the Asia Pacific Region HPC,B
HPCC,IEEE International Conference on High Performance Computing and Communications,B
HPCNCS,"International Conference on High Performance Computing, Networking and Communication Systems",B
I SPAN,"International Symposium on Parallel Architectures, Algorithms and Networks",B
IAAI,Innovative Applications in AI,B
IAWTIC,"International Conference on Intelligent Agents, Web Technologies, and Internet Commerce",B
IBIMA,International Business Information Management,B
IC,International Conference on Internet Computing,B
ICA3PP,International Conference on Algorithms and Architectures for Parallel Processing,B
ICAC,IEEE International Conference on Autonomic Computing,B
ICANN,International Conference on Artificial Neural Networks,B
ICAT,International Conference on Artificial Reality and Telexistence,B
ICATPN,International Conference on the Application and Theory of Petri Nets,B
ICCE,International Conference on Computers in Education,B
ICCS,International Conference on Conceptual Structures,B
ICDCN,International Conference on Distributed Computing and Networking,B
ICDSC,ACM/IEEE International Conference on Distributed Smart Cameras,B
ICEB,International Conference on e Business,B
ICEBE,IEEE International Conference on e Business Engineering,B
ICER,International Computing Education Research Workshop,B
ICFHR,International Conference on Frontiers of Handwriting Recognition,B
ICGA,International Conference on Genetic Algorithms,B
ICGT,International Conference on Graph Transformations,B
ICIAP,International Conference on Image Analysis and Processing,B
ICICS,International Conference on Information and Communications Security,B
ICICS,"International Conference on Information, Communications and Signal Processing",B
ICIER,International Conference on Informatics Education and Research,B
ICIP,IEEE International Conference on Image Processing,B
ICISC,International Conference on Information Security and Cryptology,B
ICISS,International Conference on Information Systems Security,B
ICME,IEEE International Conference on Multimedia and Expo,B
ICMI,International Conference on Multimodal Interfaces,B
ICMS,International Conference on Multiagent Systems,B
ICMT,International Conference on Model Transformation,B
ICNN,IEEE International Conference on Neural Networks,B
ICPADS,International Conference on Parallel and Distributed Systems,B
ICPR,International Conference on Pabern Recognition,B
ICSC,International Computer Science Conference,B
ICSoG,International Conference on Software and Data Technologies,B
ICTAC,International Colloquium on Theoretical Aspects of Computing,B
ICTAI,International Conference on Tools with Artificial Intelligence,B
ICWITS,IEEE International Conference on Wireless Information Technology and Systems,B
IDEAS,International Database Engineering and Applications Symposium,B
IE,Interactive Entertainment,B
CCNC,IEEE Consumer Communications and Networking Conference IEEE,B
DS RT,IEEE International Symposium on Distributed Simulation and Real time Applications IEEE,B
HPCS,IEEE International Conference on High Performance Computing and Simulation IEEE,B
SEC,IFIP International Information Security Conference IFIP,B
IFM,Integrated Formal Methods,B
IFSA,IFSA World Congress,B
IJCNLP,International Joint Conference on Natural Language Processing,B
ILP,Inductive Logic Programming,B
INDOCRYPT,International Conference on Cryptology in India,B
INLG,International Natural Language Generation Conference,B
Inscrypt,SKLOIS Conference on Information Security and Cryptology,B
IPCCC,IEEE International Performance Computing and Communications Conference,B
ISAIM,International Symposium on Artificial Intelligence and Maths,B
ISC,Information Security Conference,B
ISCC,IEEE Symposium on Computers and Communications,B
ISEAT,Integration of Software Engineering and Agent Technology,B
ISECON,Information Systems Education Conference,B
ISESE,International Symposium on Empirical Software Engineering,B
ISIT,IEEE International Symposium on Information Theory,B
ISITA,International Symposium on Information Theory and Its Applications,B
ISKE,International Conference on Intelligent Systems and Knowledge Engineering,B
ISMM,International Symposium on Mathematical Morphology,B
ISPA,IEEE International Symposium on Parallel and Distributed Processing with Applications,B
ISPEC,Information Security Practice and Experience Conference,B
ISTA,International Conference on Information Systems Technology and its Application,B
ITA,International Conference on Internet Technologies and Applications,B
ITW,Information Theory Workshop,B
IV,International Conference on Information Visualisation,B
IVA,Intelligent Virtual Agents,B
IVCNZ,Image and Vision Computing Conference,B
IWANN,International Work Conference on Artificial and Natural Neural Networks,B
IWCASE,International Workshop on Computer Aided Software Eng,B
IWOCA,International Workshop on Combinatorial Algorithm,B
IWP,International Workshop on Paraphrasing,B
IWPEC,International Workshop on Parameterized and Exact Computation,B
IWQoS,IEEE International Workshop on Quality of Service,B
IWSEC,International Workshop on Security,B
JMLC,Joint Modular Languages Conference,B
JSSPP,Workshop on Job Scheduling Strategies for Parallel Processing,B
KES,International Conference on Knowledge Based and Intelligent Information and Engineering Systems,B
Calling,Baltic Sea Conference on Computing Education Research Koli,B
KSEM,"International Conference on Knowledge Science, Engineering and Management",B
LATIN,International Symposium on Latin American Theoretical Informatics,B
LDTA,"Language Descriptions, Tools and Applications",B
LENLS,Logic and Engineering of Natural Language Semantics,B
LFCS,Logical Foundations of Computer Science,B
LOPSTR,International Symposium on Logic based Program Synthesis and Transformation,B
MATES,German Conference on Multi Agent system Technologies,B
MCU,Universal Machines and Computations,B
MDAI,International Conference on Modelling Decisions for Artificial Intelligence,B
MEDINFO,World Congress on Medical Informatics,B
MEGA,Methods Effectives en Geometrie Algebrique,B
MIR,ACM SIGMM International Workshop on Multimedia Information Retrieval,B
MLMI,Joint workshop on Multimodal Interaction and Related Machine Learning Algorithms (now ICMI MLMI),B
MMVR,Medicine Meets Virtual Reality,B
MobileHCI,International Conference on Human Computer Interaction with Mobile Devices and Services,B
Mobisys,"ACM SIGMOBILE International Conference on Mobile Systems, Applications and Services",B
MODELS,International Conference on the Unified Modelling Language (was UML),B
MOMM,International Conference on Advances in Mobile Computing and Multimedia,B
MPC,Mathematics of Program Construction,B
MPCS,International Conference on Massively Parallel Computing Systems,B
MPPOI,Massively Parallel Processing Using Optional Interconnections,B
SUMMIT,Machine Translation Summit MT,B
NSDI,"Symposium on Networked Systems, Design and Implementation",B
NSS,International Conference on network and System Security,B
ODP,IFIP International Conference on Open Distributed Processing,B
OPODIS,International Conference on Principles of Distributed Systems,B
ORGSEM,The organizational semiotics Conference,B
OZCHI,Australian Computer Human Interaction Conference,B
OzWIT,Australian Women in IT Conference,B
PACES,Pacific Asian Conference on Expert Systems,B
PacificVis,IEEE Pacific Visualization Symposium (was APVIS),B
PACLIC,"Pacific Asia Conference on Language, Information and Computation",B
PACLING,Conference of the Pacific Association for Computational Linguistics,B
PADL,Practical Aspects of Declarative Languages,B
PADS,ACM/IEEE/SCS Workshop on Parallel and Distributed Simulation,B
PAM,Passive and Active Measurement Conference,B
PASTE,ACM SIGSOFT Workshop on Program Analysis for Software Tools and Engineering,B
PATAT,Practice and Theory of Automated Timetabling,B
PDC,Participatory Design Conference,B
PDCAT,"International Conference on Parallel and Distributed Computing, Applications and Technologies",B
PDPTA,International Conference on Parallel and Distributed Processing Techniques and Applications,B
PEPM,ACM SIGPLAN Workshop on Partial Evaluation and Program Manipulation,B
Persuasive,International Conference on Persuasive Technology,B
PET,International Workshop of Privacy Enhancing Technologies,B
PKAW,Pacific Rim Knowledge Acquisition Workshop,B
PKC,International Conference/Workshop on Practice and Theory in Public Key Cryptography,B
PLOP,Pabern Languages of Programs,B
PLOS,Workshop on Programming Languages and Operating Systems,B
PPDP,International Conference on Principles and Practice of Declarative Programming,B
PPIG,Annual PPIG Workshop,B
PRDC,Pacific Rim International Symposium on Dependable Computing,B
PRESENCE,Annual International Workshop on Presence,B
PRICAI,Pacific Rim International Conference on Artificial Intelligence,B
PRIMA,Pacific Rim International Workshop on Multi Agents,B
PROFES,Product Focused Software Process Improvement,B
PROMAS,International Workshop Programming Multi Agent Systems,B
PROSim,International Workshop on Software Process Simulation and Modelling (now ICSP),B
ProvSec,International Conference on Provable Security,B
PSI,Ershov Conference,B
PSIVT,Pacific Rim Symposium on Image and Video Technology,B
QSIC,International Conference on Quality Software,B
QualIT,International Conference on Qualitative Research in IT ti IT in Qualitative Research,B
RAID,International Symposium on Recent Advances in Intrusion Detection,B
RCIS,International Conference on Research Challenges in Information Science,B
RECOMB,International Conference on Computational Molecular Biology,B
RecSys,ACM International Conference on Recommender Systems,B
REFSQ,International Workshop on Requirements Engineering: Foundation for Software Quality,B
REV,International Workshop on Requirements Engineering Visualization,B
RIDE,International Workshop on Research Issues in Data Engineering,B
RoboCup,Robot Soccer World Cup,B
RSA,RSA Conference,B
SAC,ACM Symposium on Applied Computing,B
SAC,Selected Areas in Cryptography,B
SAFECOMP,"International Conference on Computer Safety, Reliability and Security",B
SAGT,International Symposium on Algorithmic Game Theory,B
SARA,"Symposium on Abstraction, Reformulation and Approximation",B
SBAC PAD,International Symposium on Computer Architecture and High Performance Computing,B
SC,International Conference on Software Composition,B
SCA,ACM SIGGRAPH/Eurographics Symposium on Computer Animation,B
SCAI,Scandinavian Conference on Artificial Intelligence,B
SCN,Conference on Security and Cryptography for Networks,B
SCSC,Summer Computer Simulation Conference,B
SEA,International Symposium on Experimental Algorithms,B
SEAL,Asia Pacific Conference on Simulated Evolution and Learning,B
SECRYPT,International Conference on Information Security and Cryptography,B
SEFM,International Conference on Software Engineering and Formal Methods,B
SEKE,International Conference on Software Engineering and Knowledge Engineering,B
SEQAPP,International Conference on Sequences and their Applications,B
SERVICES,IEEE Congress on Services,B
SGP,Symposium on Geometry Processing,B
ASIA,International Conference on Computer Graphics and Interactive Techniques in Australasia and Southeast Asia SIGGRAPH,B
SIGSPATIAL,ACM International Conference on Advances in Geographic Information Systems,B
SIROCCO,International Colloquium on Structural Information and Communication Complexity,B
SLE,International Conference on Software Language Engineering,B
SMC,"IEEE Conference on Systems, Man and Cybernetics",B
SOFSEM,Current Trends in Theory and Practice of Computer Science,B
SoMeT,International Conference on Software Methods and Tools,B
SPICIS,Singapore International Conference on Intelligent Systems,B
SPIRE,International Symposium on String Processing and Information Retrieval,B
SPM,ACM Symposium on Solid and Physical Modelling,B
SST,Australasian Speech Science and Technology,B
STACS,International Symposium on Theoretical Aspects of Computer Science,B
STC,ACM Workshop on Scalable Trusted Computing,B
STEP,Software Technology and Engineering Practice Conference,B
SWAT,Scandinavian Workshop on Algorithm Theory,B
SWDC,International Conference on Software Development,B
Tabletop,International Workshop on Horizontal Interactive Human Computer Systems,B
TAMC,Conference on Theory and Applications of Models of Computation,B
TAP,International Conference on Tests and Proofs,B
TMI,International Conference on Theoretical and Methodological Issues in machine Translation,B
TridentCom,Technology of Object Oriented Languages and Systems Europe TOOLS Europe B 0803 Computer Software 44105 Testbeds and Research Infrastructures for the Development of Networks and Communities,B
TrustBus,"International Conference on Trust, Privacy and Security in Digital Business",B
UIC,International Conference on Ubiquitous and Intelligence Computing,B
UKSS,United Kingdom Systems Society,B
UM,International Conference on User Modelling (now UMAP),B
UMAP,"International Conference on User Modelling, Adaptation, and Personalization (was AH and UM)",B
UMC,Unconventional Models of Computation,B
UML,Unified Modelling Language,B
VCIP,SPIE International Conference on Visual Communications and Image Processing,B
VDB,Visual Database Systems,B
VecPar,International Conference on Vector and Parallel Processing,B
VISSOFT,IEEE International Workshop on Visualizing Software for Understanding and Analysis,B
VMCAI,"Verification, Model Checking and Abstract Interpretation",B
VR,IEEE Virtual Reality Conference,B
VSMM,International Conference on Virtual Systems and MultiMedia,B
WABI,Workshop on Algorithms in Bioinformatics,B
WAE,Workshop on Algorithm Engineering,B
WAOA,Workshop on Approximation and Online Algorithms,B
WCC,International Workshop on Coding and Cryptography,B
WCES,World Congress on Expert Systems,B
WCNN,World Congress on Neural Networks,B
WCRE,IEEE Working Conference on Reverse Engineering,B
WCW,International Workshop on Web Content Caching and Distribution,B
WEA,International Workshop on Efficient Algorithms,B
WETICE,International Workshops on Enabling Technologies: Infrastructures for Collaborative Enterprises,B
WIDM,ACM Workshop on Web Information and Data Management,B
WIKISYM,International Symposiums on Wikis,B
WoLLIC,"Workshop on Logic, Language, Information and Computation",B
WSC,Winter Simulation Conference,B
WSCG,"International Conferences in Central Europe on Computer Graphics, Visualization and Computer Vision",B
WSDM,ACM International Conference on Web Search and Data Mining,B
XP,International Conference on extreme Programming and Flexible Processes in Software Engineering,B
Computing,"Southeastern International Conference on Combinatorics, Graph Theory, and",C
Functions,ECRYPT Workshop on Cryptographic Hash,C
Cryptanalysis,ECRYPT Workshop on Tools for,C
Benelux,Symposium on Information Theory in the,C
Cryptography,The Claude Shannon Workshop on Coding and,C
3DIM,3 D Digital Imaging and Modelling,C
3DPVT,International Symposium on 3D Data Processing Visualization and Transmission,C
3G,International Conference on 3G Mobile Communication Technologies,C
AAAC,International Workshop on Advanced Architectures and Algorithms for Internet Delivery and Applications AAA IDEA C 0806 Information Systems 44077 Symposium of Asian Association for Algorithms and Computation,C
AAIM,Conference on Algorithmic Aspects in Information and Management,C
ACAC,Athens Colloquium on Algorithms and Complexity,C
ACAC,Australasian Computer Architecture Conference,C
ACAI,Advanced Course on Artificial Intelligence,C
ACC,Applied Computing Conference,C
ACCMCC,Australasian Conference on Combinatorial Mathematics and Combinatorial Computing,C
ACEC,Australasian Computers in Education Conference,C
ACG,"Workshop on Algorithms, Combinatorics, and Geometry",C
ACHI,International Conference on Advances in Computer Human Interactions,C
ACID,Algorithms and Complexity in Durham,C
ACII,International Conference on Affective Computing and Intelligent,C
ACMA,Australasian Computer Music Conference,C
ACNN,Australian Conference on Neural Networks,C
ACOSM,Australian Conference on Software Metrics,C
ACP4IS,"Workshop on Aspects, Components, and Paberns for Infrastructure Software",C
ACS,Australian Supercomputing Conference,C
ADVIS,Advances in Information Systems,C
AFAANZ,Accounting and Finance Association of Australia and New Zealand Conference,C
AFIPS,American Federation of Information Processing Societies,C
AFRIGRAPH,"International Conference on Computer Graphics, Virtual Reality, Visualisation and Interaction in Africa",C
AGDC,Australian Game Developers Conference,C
AICCSA,ACS/IEEE International Conference on Computer Systems and Applications,C
AICE,Australian Institute of Computer Ethics Conference,C
AIKM,Artificial Intelligence in Knowledge Management,C
AIPR,International Conference on Artificial Intelligence and Pabern Recognition,C
AIRS,Asia Information Retrieval Symposium,C
AIS,Advances in Intelligent Systems,C
AISAT,International Conference on Artificial Intelligence in Science and Technology,C
AISP,Australasia Conference on Information Security and Privacy,C
AISW,"Workshop on Australasian Information Security, Data Mining and Web Intelligence, and Software Internationalisation",C
AISW PET,Australasian Information Security Workshop 2007 (Privacy Enhancing Technologies),C
AITC,Advances in the Theory of Computing,C
AJWIES,Australia Japan Joint Workshop on Intelligent and Evolutionary Systems,C
AKAW,Australian Knowledge Acquisition Workshop,C
ALICE,"SIAM Workshop on Algorithms for Listing, Counting, and Enumeration",C
ALPIT,International Conference on Advanced Language Processing and Web Information Technology,C
AMAST,Algebraic Methodology and Software Technology,C
AmI,European Conference on Ambient Intelligence,C
AMIGE,IEEE Symposium on Advanced Management of Information for Globalized Enterprises,C
Aml.d,Ambient Intelligence Developments,C
AMOC,Asian International Mobile Computing Conference,C
AMS,Asia International Conference on Modelling and Simulation,C
ANNES,Conference on Artificial Neural Networks and Expert systems,C
ANSS,Annual Simulation Symposium,C
ANZAM,Australian and New Zealand Academy of Management Conference,C
ANZIIS,Australian and New Zealand Intelligent Information Systems Conference,C
ANZMAC,Australian and New Zealand Marketing Academy Conference,C
ANZMODS,The Modelling and Simulation Society of Australia and New Zealand Meeting,C
AO Asia,Aspect Orientation Asia,C
AOIR,Internet Research,C
AOM,Workshop on Aspect Oriented Modelling,C
AOSE,Agent Oriented Software Engineering Workshop,C
APDSI,Asia Pacific Decision Science Institute Conference,C
APGV,Applied Perception in Graphics and Visualization,C
APNOMS,Asia Pacific Network Operations and Management Symposium,C
APORS,Conference of the Association of Asian Pacific Operational Research Societies,C
APRSAIS,Asia Pacific Research Symposium on Accounting Information Systems,C
APRTS,Australasian Conference on Parallel and Real Time Systems,C
APSCC,Asia Pacific Services Computing Conference,C
APSEC,Asia Pacific Software Engineering Conference,C
APVIS,Asia Pacific Symposium on Visualisation,C
APWEB,Asia Pacific Web Conference,C
AQSDT,Symposium on Assessment of Quality S/W Dev Tools,C
ARACNE,Workshop on Approximation and Randomization Algorithms in Communication Networks,C
ARITH,IEEE Symposium on Computer Arithmetic,C
AROB,International Symposium on Artificial Life and Robotics,C
ARTDB,Active and Real Time Database Systems,C
ArtsIT,International Conference on Arts and Technology,C
ARVLSI,Advanced Research in VLSI,C
ASAI,Argentine Symposium on Artificial Intelligence,C
ASCILITE,Annual Conference of the Australasian Society for Computers in Learning in Tertiary Education,C
ASCM,Asian Symposium on Computer Mathematics,C
ASM(W),International Workshop on Abstract State Machines,C
ASR,ISCA Tutorial and Research Workshop Automatic Speech Recognition,C
ASRU,IEEE Automatic Speech Recognition and Understanding Workshop,C
AST,Automation of Software Test,C
ATC,International Conference on Autonomic and Trusted Computing,C
ATMOS,"Workshop on Algorithmic Approaches for Transportation Modelling, Optimization, and Systems",C
AUC,Workshop on Ad Hoc and Ubiquitous computing,C
AUCADC,Apple University Consortium Academic and Developers Conference,C
AuCSS,Australasian Cognitive Science Society Conference,C
AURISA,Australasian Urban and Regional Information Systems Association Conference,C
AuRW,Australasian Refinement Workshop,C
AusGrid,Australasian Symposium on Grid Computing and e Research (now AusPDC),C
AusPDC,Australasian Symposium on Parallel and Distributed Computing (was AusGrid),C
AusWeb,Australian World Wide Web Conference,C
AUUG,Australian UNIX Users Group National Conference,C
AWIC,International Atlantic Web Intelligence Conference,C
AWSA,Australian Workshop on Software Architecture,C
BCS FMW,British Computer Society Formal Aspects of Computing Science Specialist Group Workshop,C
BCTCS,British Colloquium for Theoretical Computer Science,C
BFCA,International Workshop on Boolean Functions: Cryptography and Applications,C
BIBE,IEEE Bioinformatics and Bioengineering,C
BICC,IFIP Conference on Biologically Inspired Collaborative Computing,C
BioViz,Bioinformatics Visualization,C
BPD,International Workshop on Business Process Design,C
BPI,International Workshop on Business Process Intelligence,C
BPMDS,"International Workshop on Business Process Modelling, Development, and Support",C
BSN,Body Sensor Networks,C
BuiltViz,Visualisation in Built Environment,C
C#,International Workshop on C# and .NET Technologies,C
C5,International Conference on Creating Connecting and Collaborating through Computing,C
CAINE,ISCA International Conference on Computer Applications in Industry and Engineering,C
CAivDE,"Computer Animation, Information Visualisation, and Digital Effects",C
CanaDAM,Canadian Discrete and Algorithmic Mathematics Conference,C
CATA,International Conference on Computers and their Applications,C
CCA,International Conference on Computability and Complexity in Analysis,C
CCCG,Canadian Conference on Computational Geometry,C
CCG,Workshop on Computational and Conformal Geometry,C
CCSC,Journal of Computing Science in Colleges (Conference proceedings),C
CDB,Constraint Databases and Applications,C
CDVE,"Cooperative Design, Visualization, and Engineering",C
CEC,IEEE Conference on Electronic Commerce Technology (merger of CEC and EEE),C
CEG,Computing in Education Group of Victoria Conference,C
CERE,International Workshop on Comparative Evaluation in Requirements Engineering,C
CERIAS,Information Security Symposium,C
CFET,International Conference on Cybercrime Forensics Education and Training,C
CFP,"Conference on Computers, Freedom, and Privacy",C
CGA,Workshop on Computational Geometry and Applications,C
CGAL,CGAL User Workshop,C
CGC,CGC Workshop on Computational Geometry,C
CGIE,Joint International Conference on CyberGames and Interactive Entertainment,C
CGIV,"International Conference Computer Graphics, Imaging and Visualization",C
CGTDG,Conference on Graph Theory and Discrete Geometry,C
CGW,Annual Fall Workshop on Computational Geometry,C
CHES,Workshop on Cryptographic Hardware and Embedded Systems,C
ChiliPLoP,Southwestern Conference on Pabern Languages of Programs,C
ChinaGrid,ChinaGrid Annual Conference,C
CHINZ,ACM SIGCHI_NZ Conference on Human Computer Interaction,C
CHKV,Cultural Heritage Knowledge Visualisation,C
CIAC,International Conference on Algorithms and Complexity (was Italian Conference ),C
CIARP,IberoAmerican Congress on Pabern Recognition,C
CIC,International Conference on Communications in Computing,C
CiE,Computability in Europe: Logic and Theory of Algorithms,C
CIEAEM,Conference of the Commission Internationale pour l'Etude et l'Amelioration de l'Enseignement des Mathematiques,C
CIG,IEEE Symposium on Computational Intelligence and Games,C
CIHSPS,IEEE International Conference on Intelligence for Homeland Security and Personal Safety,C
CIISP,IEEE Symposium on Computational Intelligence in Image and Signal Processing,C
CIMA,International Workshop on Combinations of Intelligent Methods and Applications,C
CIMCA,"International Conference on Computational Intelligence for Modelling, Control and Automation",C
CIMSA,IEEE International Conference on Computational Intelligence for Measurement Systems and Applications,C
CIRAS,"International Conference on Computational Intelligence, Robotics and Autonomous Systems",C
CIS,IEEE International Conference on Cybernetics and Intelligent Systems,C
CIS,International Conference on Computational Intelligence and Security,C
CISE,International Conference on Computational Intelligence and Software Engineering,C
CISIM,International Conference on Computer Information Systems and Industrial Management Applications,C
CISIS,"International Conference on Complex, Intelligent and Software Intensive Systems",C
CISS,Conference on Information Sciences and Systems,C
CISST,"International Conference Imaging Science, Systems and Technology",C
CIT,IEEE International Conference on Computer and Information Technology,C
CLADE,Challenges of Large Applications in Distributed Environments,C
CLEI,Latin American Conference on Informatics,C
CloudCom,International Conference on Cloud Computing,C
CMS,Joint Working Conference on Secure Information Networks: Communications and Multimedia Security,C
CMV,Coordinated and Multiple Views in Exploratory Visualization,C
CNNA,IEEE International Workshop on Cellular Nanoscale Networks and Applications,C
CO,International Symposium on Combinatorial Optimisation,C
CODAS,International Symposium on Cooperative Database Systems for Advanced Applications,C
CODATA,Commibee on Data for Science and Technology,C
Com,"International Conference on Collaborative Computing: Networks, Applications and Worksharing Collaborate",C
ComAI,Franco Canadian Workshop on Combinatorial Algorithms,C
Texas,CombinaTexas: Combinatorics in the South Central U.S. Combina,C
Complex,Asia Pacific Conference on Complex Systems,C
D,Australasian Compumod Users' Conference COMPUMO,C
COMSWARE,International Conference on Communication System Software and Middleware,C
CONPAR,Conference on Algorithms and Hardware for Parallel Processing,C
CONTEXT,International and Interdisciplinary Conference on Modelling and Using Context,C
COR,Conference on Operations Research,C
CORIA,Conf??rence en Recherche d'information et Applications,C
Cosign,International Conference on Computational Semiotics for Games and New Media,C
COV,Complex Objects Visualization Workshop,C
CPD,Constraint Programming Day,C
CRiSIS,International Conference on Risks and Security of Internet and Systems,C
CRITIS,International Workshop on Critical Information Infrastructures Security,C
CRV,Canadian Conference on Computer and Robot Vision,C
CryPAC,Cryptography Policy and Algorithms Conference,C
s,Crypto'Puces Crypto'Puce,C
CSC,ACM Annual Computer Science Conference,C
CSEEtiT,Conference on Software Engineering Education and Training,C
CSICC,International CSI Computer Conference,C
CSL,Annual Conference of the European Association for Computer Science Logic,C
CSMR,European Conference on Software Maintenance and Reengineering,C
CSR,International Computer Science Symposium in Russia,C
CSRC,Computer Science Research Conference,C
CT,Computational Topology Workshop,C
CTAC,Computational Techniques and Applications Conference,C
CTS,International Symposium on Collaborative Technologies and Systems,C
CTW,Cologne Twente Workshop on Graphs and Combinatorial Optimization,C
DAARC,Discourse Anaphora and Anaphor Resolution Colloquium,C
DAC,Digital Arts and Culture,C
DAG,Discrete and Algorithmic Geometry,C
DASC,"International Conference on Dependable, Autonomic and Secure Computing",C
DASD,"Symposium on Design, Analysis, and Simulation of Distributed Systems",C
DASWIS,Data Semantics in Web Information Systems,C
DAViz,Design and Aesthetics in Visualisation,C
DC,International Conference on Dublin Core and Metadata Applications,C
DCM,International Workshop on Developments in Computational Models,C
Dcw,Distributed Communities on the Web Workshop,C
DDDM,International Workshop on Domain Driven Data Mining,C
DECI,"IEEE Information Theory Workshop on Detection, Estimation, Classification and Imaging",C
DEPCoS,International Conference on Dependability of Computer Systems,C
DFMA,International Conference on Distributed Frameworks for Multimedia Applications,C
DGCI,International Conference on Discrete Geometry for Computer Imagery,C
DGW,Dynamic Graph Workshop,C
DIGRA,Digital Games Research Conference,C
DIMA,"Conference on Discrete Mathematics, Algebra and their Application",C
Intrinsic,DIMACS Workshop on Intrinsic Complexity of Computation DIMACS,C
DIMVA,"GI International Conference on Detection of Intrusions and Malware, and Vulnerability Assessment",C
DITW,Internationale Tagung WirtschaGsinformatik,C
DIVC,Joint Australia and New Zealand Biennial Conference on Digital Image and Vision Computing,C
DM,SIAM Conference on Discrete Mathematics,C
DM CCG,"Discrete Models: Combinatorics, Computation and Geometry",C
DMDW,Design and Management of Data Warehouses,C
DMKD,Workshop on Research Issues in Data Mining and Knowledge Discovery,C
DMVC,VisMasters Design Modelling and Visualization Conference,C
DP COOL,Workshop on Declarative Programming in the Context of OO Languages,C
DRM,ACM Digital Rights Management Workshop,C
DSAA,International Conference on Database Systems for Advanced Applications,C
DSAL,Domain Specific Aspect Languages,C
DSI,Annual Meeting of the Decision Sciences Institute,C
DSKDB,"International Colloquium on Data Sciences, Knowledge Discovery and Business Intelligence",C
DSLSE,Domain Specific Languages for Software Engineering,C
DSM,Workshop on Domain Specific Modelling,C
DTVE,Workshop on Database Technology for Virtual Enterprises,C
DutchCG,Dutch Computational Geometry Day,C
EANN,International Conference on Engineering Applications of Neural Networks,C
Aspects,Workshop on Aspect Oriented Requirements Engineering and Architecture Design Early,C
ECC,European Computing Conference,C
ECC,Workshop on Elliptic Curve Cryptography,C
ECCO,European Chapter on Combinatorial Optimization,C
ECDM,International Workshop on Evolution and Change in Data Management,C
ECEG,European Conference on e Government,C
ECIME,European Conference on Information Management and Evaluation,C
ECIW,European Conference of Information Warfare,C
ECOWS,IEEE European Conference on Web Services,C
ECRM,European Conference on Research Methodology for Business and Management Studies,C
ECSQARU,European Conference on Symbolic and Quantitative Approaches to Reasoning with Uncertainty,C
ECUMN,European Conference on Universal Multiservice Networks,C
EDM,Symposium on Discrete Mathematics,C
EDSER,International Workshop on Economics Driven Software Engineering Research,C
EEE,"IEEE International Conference on Enterprise Computing, E Commerce and E Services",C
EGC,French Speaking Conference on the Extraction and Management of Knowledge,C
EGC,Spanish Meeting on Computational Geometry,C
EGEE,Enabling Grids for E Science European Conference,C
EICAR,European Institute for Computer Anti Virus Research EICAR Conference,C
EISWT,International Conference on Enterprise Information Systems and Web Technologies,C
EJC,European Japanese Conference on Information Modelling and Knowledge Bases,C
ELW,European Lisp Workshop,C
EMMSAD,Exploring Modelling Methods in Systems Analysis and Design,C
ENC,Mexican International Conference on Current Trends in Computer Science (was Mexican International Conference on Computer Science),C
ENTER,International Conference on Information and Communication Technologies in Tourism,C
EOMAS,International Workshop on Enterprise and Organizational Modelling and Simulation,C
EP,Annual Conference on Evolutionary Programming,C
EQIS,ERATO Conference on Quantum Information Science,C
ESAS,European Workshop on Security and Privacy in Ad Hoc and Sensor Networks,C
ESCAPE,"Symposium On Combinatorics, Algorithms, Probabilistic and Experimental Methodologies",C
ESGICT,European Symposium on Gender and ICT,C
EUC,IEEE/IFIP International Conference on Embedded and Ubiquitous Computing,C
EUFIT,European Congress on Intelligent Techniques and SoG Computing,C
EUMAS,European Workshop on Multi Agent Systems,C
EURO,European Conference on Operations Research,C
VR,Euro Virtual Reality Euro,C
EuroCG,European Workshop on Computational Geometry,C
EuroCOLT,European Conference on Computational Learning Theory (Now in COLT),C
EUroComb,"EuroConference on Combinatorics, Graph Theory and Applications",C
PI,European PVM/MPI Users' Group Conference EuroPVM/M,C
EVOTE,International Conference on Electronic Voting,C
EVT,USENIX/ACCURATE Electronic Voting Technology Workshop,C
Extreme,Extreme Markup Languages,C
F and B,Finite Differences Finite Elements Finite Volumes Boundary Elements,C
FATES,A Satellite workshop on Formal Approaches to Testing of Software,C
FCC,Formal and Computational Cryptography,C
FCST,Japan China Joint Workshop on Frontier of Computer Science and Technology,C
FDG,International Conference on the Foundations of Digital Games,C
FDL,"Forum on Specification, Verification and Design Languages",C
FDPE,Functional and Declarative Programming in Education,C
FDTC,Workshop on Fault Diagnosis and Tolerance in Cryptography,C
FEWFDB,Far East Workshop on Future DB Systems,C
FG,IEEE International Conference on Automatic Face and Gesture Recognition,C
FIT,International Conference on Frontiers of Information Technology,C
FlAIRS,Florida Artificial Intelligence Research Society Conference,C
FMICS,Int. Workshop on Formal Methods for Industrial Critical Systems,C
FMIS,International Workshop on Formal Methods for interactive Systems,C
FMLDO,International Workshop on Foundations of Models and Languages for Data and Objects,C
FMOOD,International Conference on Formal Methods for Open Object Based Distributed Systems,C
FMP,Formal Methods Pacific,C
FMPPTA,International Workshop on Formal Methods for Parallel Programming: Theory and Applications,C
FMSE,ACM Workshop on Formal Methods in Security Engineering: From Specifications to Code,C
FMSEDS,Formal Methods in Software Engineering and Defence Systems Workshop,C
FOAL,Foundations of Aspect Oriented Languages,C
FOOL,International Workshop on Foundations of Object Oriented Languages,C
FOSSACS,Foundations of Software Science and Computational Structures,C
FQAS,Flexible Query Answering Systems,C
FSKD,International Conference on Fuzzy Systems and Knowledge,C
FTDCS,IEEE International Workshop on Future Trends of Distributed Computing Systems,C
FTJP,Workshop on Formal Techniques for Java Programs,C
FUSE,New Zealand Game Developers Conference,C
FUSION,International Conference on Information Fusion,C
GADA,"International Conference on Grid computing, high performance and Distributed Applications",C
y,MSRI Combinatorial Game Theory Research Workshop GameTheor,C
GCA,International Conference on Grid Computing and Applications,C
GCC,International Conference on Grid and Cooperative Computing,C
GCCCE,Global Chinese Conference on Computers in Education,C
GDC,Game Developers Conference,C
GEFS,International Workshop on Genetic and Evolutionary Fuzzy Systems,C
GeoD,SIAM Conference on Geometric Design,C
Uncertainty,Workshop on Uncertainty in Geometric Computations GEOM,C
GeomFest,Geometry Festival: An international workshop on Discrete Geometry and Rigidity,C
GeoViz,GeoVisualization and Information Visualization,C
GHC,Grace Hopper Celebration of Women in Computing,C
GI,IEEE Global Internet Symposium,C
GISPlanet,GIS Planet Conference,C
GO,International Workshop on Global Optimization,C
GOCP,International Workshop on Group Oriented Cryptographic Protocols,C
GPC,International Conference on Grid and Pervasive Computing,C
GRACO,"Brazilian Symposium on Graphs, Algorithms and Combinatorics",C
Graph hoc,Workshop on Applications of Graph Theory in Wireless Ad hoc Networks and Sensor Networks,C
GrC,IEEE International Conference on Granular Computing,C
GWC,International Wordnet Conference (Global Wordnet Conference),C
HAI,"International Workshop on Human Aspects in Ambient Intelligence: Agent Technology, Human Oriented Knowledge and Applications",C
HAIS,International Conference on Hybrid Artificial Intelligence Systems,C
HASKELL,Haskell Workshop,C
HealthCom,International Workshop on Enterprise Networking and Computing in Health Care Industry,C
Healthinf,International Conference on Health Informatics,C
HIC,Health Informatics Conference,C
HIPS,International Workshop on High Level Parallel Programming Models and Supportive Environments,C
HIS,International Conference on Hybrid Intelligent Systems,C
HIS,Human System Interaction,C
HLPP,International workshop on High Level Parallel Programming and Applications,C
HOTMOBILE,Workshop on Mobile Computing Systems and Applications,C
HotP2P,International Workshop on Hot topics in Peer to Peer Systems,C
HotSWUp,ACM Workshop on Hot Topics in Software Upgrades,C
HPCSCanada,High Performance Computing Symposium Canada,C
HPGrid,High Performance Grid Computing Workshop (part of IPDPS Conference),C
HPSC,International Conference on High Performance Scientific Computing,C
HUNABC,Hungarian National Conference on Agent Based Computation,C
IAIF,International Workshop on Image Analysis and Information Fusion,C
IAIM,Annual Conference of the International Academy for Information Management,C
IARTW,IEEE International Augmented Reality Toolkit Workshop,C
IAS,International Symposium on Information Assurance and Security,C
IAT,IEEE/WIC/ACM International Conference on Intelligent Agent Technology,C
IBPRIA,Iberian Conference on Pabern Recognition and Image Analysis,C
IC AI,International Conference on Artificial Intelligence,C
IC3K,"International Joint Conference on Knowledge Discovery, Knowledge Engineering and Knowledge Management",C
ICAART,International Conference on Agents and Artificial Intelligence,C
ICAIL,International Conference on Artificial Intelligence and Law,C
ICAIS,IEEE International Conference on Adaptive and Intelligent Systems,C
ICAISC,International Conference on Artificial Intelligence and SoG Computing,C
ICANNGA,International Conference on Adaptive and Natural Computing Algorithms,C
ICAPRDT,International Conference on Advances in Pabern Recognition and Digital Techniques,C
ICCAM,International Congress on Computational and Applied Mathematics,C
ICCBR,International Conference on Case Based Reasoning Research and Development,C
ICCBSS,IEEE International Conference on COTS Based Software Systems,C
ICCC,IEEE International Conference on Computational Cybernetics,C
ICCC,International Conference on Chinese Computing,C
ICCCI,"International Conference on Computational Collective Intelligence: Semantic Web, Social Networks and Multiagent Systems",C
ICCHP,International Conference on Computers Helping People with Special Needs,C
ICCI,IEEE International Conference on Cognitive Informatics,C
ICCIMA,International Conference on Computational Intelligence and Multimedia,C
ICCIT,International Conference on Computer and Information Technology,C
ICCM,International Congress of Chinese Mathematicians,C
ICCP,IEEE International Conference on Intelligent Computer Communication and Processing,C
ICCSA,International Conference on Computational Science and Applications,C
ICCTA,International Conference on Computer Theory and Applications,C
ICDCIT,International Conference on Distributed Computing and Internet Technologies,C
ICDS,International Conference on Digital Society,C
ICEC,International Conference on Evolutionary Computation,C
ICEC,International Conference on Entertainment Computing,C
ICEComm,International Conference on Electronic Commerce,C
ICEIMT,International Conference on Enterprise Integration and Modelling Technology,C
ICEIS,International Conference on Enterprise Information Systems,C
ICES,International Conference on Computational Engineering Science,C
ICETE,International Joint Conference on e Business and Telecommunications,C
ICFCA,International Conference Formal Concept Analysis Conference,C
ICGSE,IEEE International Conference on Global Software Engineering,C
ICHIT,International Conference on Convergence and Hybrid Information Technology,C
ICICSE,International Conference on Internet Computing in Science and Engineering,C
ICICT,International Conference on Information and Communications Technology,C
ICICTE,International Conference on International and Communication Technologies,C
ICIET,International Conference on Information and Emerging Technologies,C
ICIG,International Conference on Image and Graphics,C
ICIL,International Conference on Intelligent Systems,C
ICIMP,International Conference on Internet Monitoring and Protocol,C
ICISP,International Conference on Image and Signal Processing,C
ICITA,International Conference on Information Technology and Applications,C
ICITS,International Conference on Information Theoretic Security,C
ICIW,International Conference on Internet and Web Applications and Services,C
ICM,International Congress of Mathematicians,C
ICMB,International Conference on Mobile Business,C
ICMLA,International Conference on Machine Learning and Applications,C
ICMLC,International Conference on Machine Learning and Cybernetics,C
ICMSO,"International Conference on Modelling, Simulation and Optimisation",C
ICMV,International Conference on Machine Vision,C
ICNC,International Conference on Natural Computation,C
ICO,SIGOPT International Conference on Optimization,C
ICOCI,International Conference on Computing and Informatics,C
ICOTA,International Conference on Optimization: Techniques And Applications,C
ICPC,International Conference on Program Comprehension (was IWPC),C
ICPCA,International Conference on Pervasive Computing and Applications,C
ICPS,International Conference on Pervasive Services,C
ICSEA,International Conference on Software Engineering Advances,C
ICSLP,International Conference on Spoken Language Processing,C
ICSRIC,"International Conference on Systems Research, Informatics and Cybernetics",C
ICSSEA,International Conference Software and Systems Engineering and their Applications,C
ICST,"International Conference on Software Testing, Verification and Validation",C
ICTBM,International Conference on Technology and Business Management,C
ICTCS,Italian Conference on Theoretical Computer Science,C
ICTD,International Conference on Information and Communication Technologies Development,C
ICVS,International Conference on Computer Vision Systems,C
ICVS,International Conference on Virtual Storytelling,C
ICWE,International Conference on Web Engineering,C
IDC,"International Conference on Digital Content, Multimedia Technology and its Applications",C
IDEAL,International Conference on Intelligent Data Engineering and Automated Learning,C
IDEAW,Integrated Data Environments Australia Workshop,C
IDET,International Workshop on Interactive Entertainment,C
IDV,"Intelligence Tools, Data Mining, Visualization",C
IEA/AIE,International Conference on Industrial and Engineering Applications of Artificial Intelligence and Expert Systems,C
IEE,Informatics Education Europe,C
ADPRL,IEEE International Symposium on Adaptive Dynamic Programming and Reinforcement Learning IEEE,C
CISched,IEEE Symposium on Computational Intelligence in Scheduling IEEE,C
CIAA,IEEE Workshop on Computational Intelligence in Aerospace Applications IEEE,C
CIB,"IEEE Workshop on Computational Intelligence in Biometrics: Theory, Algorithms, and Applications IEEE",C
CIBCB,IEEE Symposium on Computational Intelligence in Bioinformatics and Computational Biology IEEE,C
CICA,IEEE Symposium on Computational Intelligence in Control and Automation IEEE,C
CICS,IEEE Symposium on Computational Intelligence in Cyber Security IEEE,C
CIDM,IEEE Symposium on Computational Intelligence and Data Mining IEEE,C
CIFEr,IEEE Symposium on Computational Intelligence for Financial Engineering IEEE,C
CIIP,IEEE Symposium on Computational intelligence for Image Processing IEEE,C
CIMSVP,IEEE Symposium on Computational intelligence for Multimedia Signal and Vision Processing IEEE,C
CISDA,IEEE Symposium on Computational Intelligence for Security and Defence Applications IEEE,C
CIVE,IEEE Workshop on Computational Intelligence in Virtual Environments IEEE,C
CIVI,IEEE Workshop on Computational Intelligence for Visual Intelligence IEEE,C
CIWS,IEEE Workshop on Computational Intelligence in Vehicles and Vehicular Systems IEEE,C
DEST,IEEE International Conference on Digital EcoSystems and Technologies Conference IEEE,C
ESDIS,IEEE Workshop on Evolving and Self Developing Intelligent Systems IEEE,C
HIMA,IEEE Workshop on Hybrid Intelligent Models and Applications IEEE,C
IA,IEEE Symposium on Intelligent Agents IEEE,C
ICIA,IEEE International Conference on Information and Automation IEEE,C
IRI,IEEE International Conference on Information Integration and Reuse IEEE,C
IS,IEEE International Conference on Intelligent Systems IEEE,C
MCDM,IEEE Symposium on Computational Intelligence in Multi Criteria Decision Making IEEE,C
NLP KE,Natural Language Processing and Knowledge Engineering IEEE,C
OC,IEEE Workshop on Organic Computing IEEE,C
RiiSS,IEEE Workshop on Robotic Intelligence in Informationally Structured Space IEEE,C
SIS,IEEE Swarm Intelligence Symposium IEEE,C
VAST,IEEE Symposium on Visual Analytics Science and Technology IEEE,C
WEAH,IEEE Workshop on Evolvable and Adaptive Hardware IEEE,C
WOMA,IEEE Workshop on Memetic Algorithms IEEE,C
IFAWC,International Forum on Applied Wearable Computing,C
TCS,IFIP International Conference on Theoretical Computer Science IFIP,C
TM,"Joint iTrust and PST Conferences on Privacy, Trust Management and Security IFIP",C
IGARSS,IEEE International Geoscience and Remote Sensing Symposium,C
IH,International Workshop on Information Hiding,C
IICISA,International ICSC Congress on Intelligent Systems and Applications,C
IICS,Innovative Internet Computer Systems,C
IIWAS,Information Integration and Web based Applications and Services,C
IKE,International Conference on Information and Knowledge Engineering,C
M,International Conference on Immersive Telecommunications IMMERSCO,C
IMS,International Conference on Advanced Information Management,C
IMVIP,International Machine Vision and Image Processing Conference,C
INAP,International Conference on Declarative Programming and Knowledge Management,C
INC,International Conference on Networked Computing,C
INET,Internet Society Conference,C
INEX,International Workshop of the Initiative for the Evaluation of XML Retrieval,C
INFH,Workshop on Information Hiding,C
Processing,IFIP Congress (Information Processing) Information,C
InfVis,Information Visualisation Theory and Practice,C
INISTA,International Symposium on Innovations in Intelligent Systems and Applications,C
INMIC,IEEE International Multioptic Conference,C
INOC,International Network Optimization Conference,C
InSITE,Informing Science and Information Technology Education,C
Interaction,Interaction,C
INTEROP,Interoperating Geographic Information Systems,C
INTUITION,INTUITION International Conference,C
IOLTS,IEEE International On Line Testing Symposium,C
IPC,International Conference on Intelligent Pervasive Computing,C
IPMU,International Conference on Information Processing and Management of Uncertainty,C
IPythC,International Python Conference,C
IRIS,Information Systems Research Seminar in Scandinavia,C
ISA,International Conference on Information Security and Assurance,C
ISADS,International Symposium on Autonomous Decentralized Systems,C
ISAGA,Conference for the International Simulation and Gaming Association,C
ISAS,International Conference on Information Systems Analysis and Synthesis,C
ISAVIIA,"International Symposium on Audio, Video, Image Processing and Intelligent Applications",C
ISBE,Institute for Small Business and Entrepreneurship Annual Conference,C
ISC,International Supercomputing Conference,C
ISC,Industrial Simulation Conference,C
ISCEng,International Conference on Systems Engineering,C
ISCIS,International Symposium on Computer and Information Sciences,C
ISDA,International Conference on Intelligent Systems Designs and Applications,C
ISDPE,"International Symposium on Data, privacy and E Commerce",C
ISDSS,Conference of the International Society for Decision Support Systems,C
ISFST,International Symposium on Future Software Technology,C
ISGC,International Symposium on Grid Computing,C
ISI,IEEE International Conference on Intelligence and Security Informatics,C
ISICT,International Symposium on Information and Communication Technologies,C
ISIP,International Symposium on Information Processing,C
ISM,IEEE International Symposium on Multimedia,C
ISMIS,International Symposium on Foundations of Intelligent Systems,C
ISNN,International Symposium on Neural Networks,C
ISoLA,"International Symposium on Leveraging Applications of Formal Methods, Verification and Validation",C
ISORC,IEEE International Symposium on Object Oriented Real Time Distributed Computing,C
ISOTAS,International Symposium on Object Technologies for Advanced Software,C
ISPASS,IEEE International Symposium on Performance Analysis of Systems and Software,C
ISPDC,International Symposium on Parallel and Distributed Computing,C
ISSA,International Symposium on Static Analysis,C
ISSS,International Symposium on System Synthesis,C
ISTAS,International Symposium on Technology and Society,C
ISVC,International Symposium on Visual Computing,C
ISVD,International Symposium on Voronoi diagrams in Science and Engineering,C
ISW,Information Security Workshop,C
ITCC,International Conference on Information Technology: Coding and Computing,C
ITI,International Conference on Information Technology Interfaces,C
ITiRA,International Information Technology in Regional Areas Conference,C
ITIS,Symposium on Information Technology and Information Systems,C
iTrust,International Conference on Trust Management,C
IV App,Applications of Information Visualization,C
IVBI,Information Visualization in Biomedical Informatics,C
IVE,Information Visualization Evaluation,C
IWMMDBMS,Int. Workshop on Multi Media Data Base Management Systems,C
IWAAG,The International Workshop on Algorithms and Graphs,C
IWACO,"International Workshop on Aliasing, Confinement and Ownership",C
IWC,International Web Conference,C
IWCIA,International Workshop on Combinatorial Image Analysis: Theory and Applications,C
IWDOM,International Workshop on Distributed Object Management,C
IWDW,International Workshop on Digital Watermarking,C
IWIA,International Workshop on Intelligent Agents,C
IWICSS,"International Workshop on Incorporating COTS Software into Software Systems, Tools and Techniques",C
IWKDDS,International Workshop on Knowledge Discovery from Data Streams,C
IWPC,International Workshop on Program Comprehension (now ICPC),C
IWPT,International Workshop on Parsing Technologies,C
IWSM,International Workshop in Software Measurement,C
IWSP,International Workshop on Security Protocols,C
IWSPM,International Workshop on Software Product Management,C
IWSTAR,International Workshop on Software Technology for Augmented Reality Systems,C
IWUVR,International Workshop on Ubiquitous Virtual Reality,C
JAC,Symposium on Cellular Automata,C
JADT,International Conference on the Statistical Analysis of Textual Data,C
DW),Chilean Database Workshop JCC/WBD(C,C
JCCGG,Japan Conference on Computational Geometry and Graphs,C
JCDCG,Japan Conference on Discrete and Computational Geometry,C
JCIS,Joint Conference on Information Sciences,C
JFPLC,International French Speaking Conference on Logic and Constraint Programming,C
JGA,French Journ??es de G??om??trie Algorithmique,C
JH,Japanese Hungarian Symposium on Discrete Mathematics and Its Applications,C
JHPC,Workshop On Java For High Performance Computing,C
JURIX,International Conference on Legal Knowledge based Systems,C
KAW,"Knowledge Acquisition, Modelling and Management Workshop",C
KDDMBD,Knowledge Discovery and Data Mining in Biological Databases Meeting,C
KDEEW,IEEE Knowledge and Data Engineering Exchange Workshop,C
KDEX,Knowledge and Data Engineering Exchange Workshop,C
KDViz,Knowledge Domain Visualisation,C
KEOD,International Conference on Knowledge Engineering and Ontology,C
AMSTA,International KES Symposium on Agents and Multiagent systems Technologies and Applications KES,C
IDT,KES International Symposium on Intelligent Decision Technologies KES,C
IIMSS,International Symposium on Intelligent and Interactive Multimedia: Systems and Services KES,C
KI,German Conference on Artificial Intelligence,C
KIES,International Conference on Knowledge based Intelligent Electronic Systems,C
KoalaPLoP,Australasian Conference on Pabern Languages of Programs,C
KRDB,Knowledge Representation Meets Databases,C
KV,Knowledge Visualization and Visual Thinking,C
KyotoCGGT,Kyoto International Conference on Computational Geometry and Graph Theory,C
LtiL,Workshop on Logic and Learning,C
LA WEB,Latin American Web Congress,C
LAGOS,"Latin American Algorithms, Graphs and Optimization Symposium",C
LARC,NASA LaRC Formal Methods Workshop,C
LATA,International Conference on Language and Automata Theory and Applications,C
LCCS,International Workshop on Logic and Complexity in Computer Science,C
LCI,International Conference on High Performance Clustered Computing (International Conference on Linux Clusters),C
LI,Law via the Internet,C
S,Workshop on Localized Algorithms and Protocols for Wireless Sensor Networks LOCALALGO,C
MAAMAW,European Workshop on Modelling Autonomous Agents in a Multi Agent World,C
MABS,International Workshop on MultiAgent Based Simulation,C
MACIS,MACIS: International Conference of Mathematical Aspects of Computer and Information Sciences,C
MADYMO,Australian MADYMO Users Meeting,C
Massive,Workshop on Massive Data Algorithmics,C
MathInfo,"Colloquium on Mathematics and Computer Science: Algorithms, Trees, Combinatorics and Probabilities",C
MATLAB,Australian MATLAB Conference,C
MCA:AS,"Multimedia Content Access: Algorithms and Systems (was Multimedia Content Analysis, Management and Retrieval)",C
MCDA,"Australian Workshop on Mobile Computing, Databases and Applications",C
MDDS,Mobility in Databases and Distributed Systems,C
MDM,International Conference on Mobile Data Management,C
MDSRIA,"International Workshop on Multimedia Data Storage, Retrieval, Integration and Applications",C
MediVis,International Conference on Medical Information Visualisation,C
MENSURA,International Conference on Software Process and Product Measurement,C
MEWS,Mining for Enhanced Web Search,C
MGC,International Workshop on Middleware for Grid Computing,C
MIGHTY,"Mid West Conference on Combinatorics, Cryptography, and Computing",C
MISE,International Workshop on Modelling in Software Engineering,C
MMDB,ACM International Workshop On Multimedia Databases,C
MMICS,Mathematical Methods in Computer Science,C
MMM,International Conference on Multimedia Modelling,C
MobiDE,Workshop on Data Engineering for Wireless and Mobile Access,C
MODSIM,International Congress on Modelling and Simulation,C
MOPTA,Modelling and Optimization: Theory and Applications,C
MOVEP,Summer School on Modelling and Verification of Parallel Processes,C
MOVIX,International Workshop on Modelling and Visualization of XML and Semantic Web Data,C
MPOOL,Workshop on Multiparadigm Programming with OO Languages,C
MSAS,SPIE International Conference on Multimedia Storage and Archiving Systems,C
MSR,IEEE International Working Conference on Mining Software Repositories,C
MSST,IEEE Conference on Mass Storage Systems and Technologies,C
MSVVEIS,"International Workshop on Modelling, Simulation, Verification and Validation of Enterprise Information Systems",C
MTNS,International Symposium on the Mathematical Theory of Networks and Systems,C
MUSE,International Workshop on Metamodelling Utilization in Software Engineering,C
MVA,Machine Vision Applications,C
MVSP,"Intelligent Multimedia, Video and Speech Processing Symposium",C
NACCQ,National Advisory Commibee on Computing Qualifications,C
NACLP,North American Conference on Logic Programming,C
NAFIPS,North American Fuzzy Information Processing Society Conference,C
NAISO,NAISO Congress on Autonomous Intelligent Systems,C
NATOSE,NATO Conference on Software engineering,C
NCCIS,National Conference on Computer and Information Systems,C
NDB,National Database Conference (China),C
NeMLaP,Joint Conference on New Methods in Language Processing and Computational Natural Language Learning,C
NFM,The Northern Formal Methods Workshops,C
NGDB,International Symposium on Next Generation Data Base Systems and Applications,C
NGDM,National Science Foundation symposium on Next Generation Data Mining and Cyber Enabled Discovery for Innovation (was.NSF workshop on Next Generation Data Mining),C
NHIC,National Health Informatics Conference,C
NISDIC,Workshop on Nature Inspired Distributed Computing,C
NISS,International Conference on New Trends of Information and Service Science,C
NISSC,National Information Systems Security Conference (was National Computer Security Conference),C
NLDB,Applications of Natural Language to Data Bases,C
NNSP,IEEE International Workshop on Neural Networks for Signal Processing,C
NORDCHI,Norwegian Computer Human Interaction,C
NordSec,Nordic Workshop on Secure IT Systems,C
NPC,IFIP International Conference on Network and Parallel Computing,C
NPSC,"International Conference on Neural, Parallel and Scientific Computations",C
NRAC,"International Workshop on Nonmonotonic Reasoning, Action and Change",C
NRDM,Workshop on Network Related Data Management,C
NSPW,New Security Paradigms Workshop,C
NWESP,International Conference on Next Generation Web Services Practices,C
OASIS,Organisations and Society in Information Systems Workshop,C
ODSA,Optimal Discrete Structures and Algorithms,C
OLA,Workshop on On Line Algorithms,C
Onward,Onward Software Engineering,C
OODBS,Workshop on Object Oriented Database Systems,C
OP,SIAM Conference on Optimization,C
Ordal,"Conference on Orders, Algorithms and Applications",C
ORPA,Conference on Operational Research Practice in Africa,C
OTA,Optimization: Techniques And Applications,C
P2P,IEEE International Conference on Peer to Peer Computing,C
Econ,Workshop on Economics of Peer to Peer Systems P2P,C
PAAM,Practical Application of Intelligent Agents and Multi Agent Technology Conference,C
PADD,Workshop on Parallel and Distributed Debugging ACM/ONR,C
PADO,Symposium on Programs as Data Objects,C
Pairing,International Conference on Pairing based Cryptography,C
PAP/PACT,Practical Aspects of PROLOG/Constraint Technology,C
PARCO,Parallel Computing,C
PAWEC,Pacific Asia Workshop on Electronic Commerce,C
PC,Workshop on Physics and Computation,C
PCM,Pacific Rim Conference on Multimedia,C
PCW,International Parallel Computing Workshop,C
PDIS,Parallel and Distributed Information Systems,C
PDK,"Processing Declarative Knowledge, International Workshop",C
PDP,"Euromicro International Conference on Parallel, Distributed and Network Based Processing",C
PGT,Workshop on Probabilistic Graph Theory,C
PIA,Workshop on New Technologies for Personalized Information Access,C
PKI,Annual PKI RtiD Workshop,C
PLAN X,Programming Language Techniques for XML,C
PLATE,Practices of Linking Aspect Technology and Evolution,C
PPAM,International Conference on Parallel Processing and Applied Mathematics,C
PPCIS,Pan Pacific Conference on Information Systems,C
PPPJ,Principles and Practice of Programming in Java,C
PQCrypt,International Workshop on Post Quantum Cryptography,C
PRIMA,International Conference on Principles of Practice in Multi Agent Systems,C
PRIS,International Workshop on Pabern Recognition in Information Systems,C
PRO VE,IFIP Working Conferences on Virtual Enterprises,C
PSB,Pacific Symposium on Biocomputing,C
PSC,Prague Stringology Conference,C
PSD,Privacy in Statistical Databases,C
PSOR,"International Conference on Probability, Statistics and Operational Research",C
PST,"Annual Conference on Privacy, Security and Trust",C
PVW,Program Visualization Workshop,C
QIP,Workshop on Quantum Information Processing,C
QOIS,International Workshop on Quality of Information Systems,C
QuantCom,International Conference on Experimental Implementation of Quantum Computation,C
Cryptology,International Workshop on the Sate of the Art in Cryptology and New Challenges Ahead Quo Vadis,C
RAITA,International Conference on Recent Advances in Information Technology and Applications,C
RAM SE,"Reflection, AOP and Meta Data for Software Evolution",C
RANLP,International Conference on Recent Advances in Natural Language Processing,C
RAOOL,Relationships and Associations in Object Oriented Languages,C
RBAC,ACM Workshop on Role Based Access Control (now SACMAT),C
REBSE,International Workshop on Realising Evidence based Software Engineering,C
RelMiCS,International Conference on Relational Methods in Computer Science,C
RFIDSec,Conference on RFID Security,C
ROGICS,"International Conference on Relations, Orders and Graphs: Interaction with Computer Science",C
RSCTC,International Conference on Rough Sets and Current Trends in Computing,C
RSP,IEEE Symposium on Rapid Prototyping,C
RTDB,Workshop on Real Time Databases,C
RuleML,International Conference on Rules and Rule Markup Languages for the Semantic Web,C
RV,Workshop on Runtime Verification,C
SACI,International Symposium on Applied Computational Intelligence and Informatics,C
SACMAT,"Symposium on Access Control Models and Technologies, ACM (was RBAC)",C
SAGA,"Symposium on Stochastic Algorithms, Foundations and Applications",C
SAICSIT,Conference of South African Institute of Computer Scientists and Information Technologists,C
SAIGTC,South African International Graph Theory Conference,C
SAINT,International Symposium on Applications and the Internet,C
SAMI,International Symposium on Applied Machine Intelligence and Informatics,C
SAMT,International Conference on Semantic and Digital Media Technologies,C
SAR SSI,Conference on Security in Network Architectures and Information Systems,C
SASC,State of the Art of Stream Ciphers,C
SBBD,Brazilian Symposium on Databases,C
SBSEG,Brazilian Symposium on Information and Computer Systems Security,C
SCAM,IEEE International Workshop on Source Code Analysis and Manipulation,C
SCC,Southern Conference on Computing,C
SCCG,Spring Conference on Computer Graphics,C
SCCGIV,"SoG Computing in Computer Graphics, Imaging, and Vision",C
SCW,IEEE Workshop on Speech Coding,C
SDH,International Symposium on Spatial Data Handling,C
SE,International IEEE Workshop on Software Evolvability,C
SE HPC,International Workshop on Software Engineering for High Performance Computing Applications,C
SEAA,Euromicro Conference on Software Engineering and Advanced Applications,C
Search,"Search: Workshop on Search, Sorting and Coding",C
SEBD,Italian Symposium on Advanced Database Systems,C
SEE,The Conference on visualization of information,C
SEET,Software Engineering Education and Training Conference,C
SELCRYP,Annual Workshop on Selected Areas in Cryptography,C
SERA,"ACIS Conference on Software Engineering Research, Management and Applications",C
SETE,Systems Engineering / Test and Evaluation Conference,C
SETN,Hellenic Conference on Artificial Intelligence,C
SETP,International Conference on Software Engineering Theory and Practice,C
SEViz,Visualization in Software Engineering,C
SEW,IEEE Software Engineering Workshop,C
SFP,Scolsh Functional Programming Workshop,C
SGAI,SGAI International Conference on Artificial Intelligence,C
SHARCS,Special purpose Hardware for Abacking Cryptographic Systems,C
SIBGRAPI,Brazilian Symposium on Computer Graphics and Image Processing,C
SIDEKIC,"Workshop on Scientific Knowledge, Information, and Computing",C
SIEDS,IEEE Systems and Information Engineering Design Symposium,C
SIGdial,SIGdial Workshop on Discourse and Dialog,C
SIGIR/XML,ACM SIGIR Workshop on XML and Information Retrieval,C
SIGITE,ACM Information Technology Education,C
SIGLEX,Lexical Semantics and Knowledge Representation,C
SIGOA,Conference on Office Information Systems,C
SIGOPS EW,ACM SIGOPS European Workshops,C
SIGUCCS,ACM SIGUCCS Conference on User Services,C
SimTecT,Simulation Technology and Training Conference,C
SIN,International Conference on Security of Information and Networks,C
SISW,International IEEE Security in Storage Workshop,C
SISY,International Symposium on Intelligent Systems and Informatics,C
SKG,International Conference on Semantics Knowledge and Grid,C
SLS,Stochastic Local Search Algorithms,C
SNPD,"International Conference on Software Engineering, Artificial Intelligence, Networking and Parallel/Distributed Computing",C
SOCA,IEEE International Conference on Service Oriented Computing Applications,C
SOCASE,Workshop on Service Oriented Computing,C
SOCCER,Service Oriented Computing: Consequences for Engineering Requirements,C
SOCGMA,Symposium on Computational Geometry for Mechanics and Applications,C
SOFA,International Workshop on SoG Computing Applications,C
SPDS,ACM Symposium on Principles of Database Systems,C
SPEC,Workshop on Security and Privacy in e Commerce,C
SPEED,Software Performance Enhancement for Encryption and Decryption,C
SQC,Software Quality Conference,C
SQM,International Conference on Software Quality Management,C
SREIS,Symposium on Requirements Engineering for Information Security,C
SRIG ET,Software Education Conference,C
SRMD,Storage and Retrieval for Media Databases (was Storage and Retrieval for Image and Video Databases),C
SSC,IFAC Conference on System Structure and Control,C
SSGRR,"International Conference on Advances in Infrastructure for Electronic Business, Science, and Education on the Internet",C
SSNDS,IEEE International Symposium on Security in Networks and Distributed Systems,C
SSS,"Symposium on Stabilization, Safety, and Security of Distributed Systems",C
STM,International Conference on Systems Thinking in Management,C
Style,SIGIR workshop: Stylistic Analysis of Text For Information Access,C
oP,Latin American Conference on Pabern Languages of Programming SugarLoafPL,C
SWOD,IEEE International Workshop on Databases for Next Generation Researchers,C
SWS,ACM Workshop on Secure Web Services,C
SWWS,The International Conference on Semantic Web and Web Services,C
SYNASC,International Symposium on Symbolic and Numeric Algorithms for Scientific Computing,C
TACS,International Conference on Theory and Applications of Computational Science,C
TAI,TAI: Algorithmic Information Theory: Kolmogorov Complexity,C
TALN,Traitement Automatique des Langues Naturelles,C
Tapia,Richard Tapia Celebration of Diversity in Computing Conference,C
TAPSOFT,International Joint Conference CAAP/FASE on Theory and Practice of Software Development,C
TASE,International Symposium on Theoretical Aspects of Software Engineering,C
TDB,International Workshop on Temporal Databases,C
TGGT,Topological and Geometric Graph Theory,C
TIDSE,Technology for Interactive Digital Storytelling,C
TIPPI,Trustworthy Interfaces for Passwords and Personal Information workshop,C
TLDI,ACM SIGPLAN Workshop on Types in Language Design and Implementation (was TIC),C
TMFCS,International Conference on Theoretical and Mathematical Foundations of Computer Science,C
TPGT,Techniques and Problems in Graph Theory,C
Viz,International Visualization in Transportation Symposium and Workshop TRB,C
TRI Ada,Annual International Conference on Ada,C
Twente,Twente Workshop on Graphs and Combinatorial Optimization,C
UBICOMM,"International Conference on Mobile Ubiquitous Computing, Systems, Services and Technologies",C
UC,International Conference on Unconventional Computation,C
Science,UK e Science All Hands Meeting UK e?\,C
UKAIS,UK Academy of Information Systems Conference,C
USEC,Usable Security Workshop,C
EC,USENIX Workshop on Electronic Commerce USENIX,C
UWNTS,USENIX Windows NT Symposium,C
VA,Visual Analytics,C
VDA,Conference on Visualization and Data Analysis,C
VDbS,IFIP Working Conference on Visual Database Systems,C
VDEA,SPIE Conference on Visual Data Exploration and Analysis,C
VI,Vision Interface,C
VikingPLoP,Nordic Conference on Pabern Languages of Programs,C
VINCI,Visual Information Communications International,C
VIP,Pan Sydney Area Workshop on Visual Information Processing,C
VISAPP,International Conference on Vision Theory and Applications,C
VISE,Visualization In Science and Education,C
VisPLE,Visualization in Software Product Lines Workshop,C
VISUAL,International Conference on Visual Information Systems,C
VISualize,ENVI and IDL Data Analysis and Visualization Symposium,C
VizSec,International Workshop on Visualization for Cyber Security,C
VLFM,Visual Languages and Formal Methods,C
VR SIG,United Kingdom Virtual Reality Special Interest Group Conference UK VRSIG,C
VRAIS,Virtual Reality Annual International Symposium,C
VSW,Semantic Web Visualisation,C
WAAAPL,Workshop on Algorithmic Aspects of Advanced Programming Languages,C
WAAC,Japan Korea Joint Workshop on Algorithms and Computations,C
WAFR,International Workshop on the Algorithmic Foundations of Robotics,C
WAIFI,Workshop on the Arithmetic of Finite Fields,C
WAIM,International Conference on Web Age Information Management,C
WALCOM,International Workshop on Algorithms and Computation,C
WARDS,IEEE Workshop on Advances in Techniques for Analysis of Remotely Sensed Data,C
WarSec,Australian Information Warfare and Security Conference,C
WAW,Workshop on Algorithms And Models For The Web Graph,C
WAWISR,Western Australian Workshop on Information Systems Research,C
WCAE,Workshop on Computer Architecture Education,C
WCAN,Workshop on Cryptography for Ad hoc Networks,C
WCC,World Computer Congress,C
WCCCE,Western Canadian Conference on Computing Education,C
WCGTC,Workshop on Computational Graph Theory and Combinatorics,C
WCOIMCSIT,Workshop on Computational Optimization,C
WCOP,Workshop on Component Oriented Programming,C
WDAS,Workshop on Distributed Data and Structures,C
WDDD,"Workshop on Duplicating, Deconstructing, and Debunking",C
WDSI,Western Decision Sciences Institute Conference,C
WebDB,International Workshop on the Web and Databases,C
WEBIST,International Conference on Web Information Systems and Technologies,C
WebKDD,Workshop on Web Usage Analysis,C
WebNet,World Conference on the WWW and Internet,C
WebSim,International Conference on Web based Modelling and Simulation,C
WebViz,Web Visualization,C
WEC,International Workshop on Entertainment Computing,C
WeWoRC,Western European Workshop on Research in Cryptology,C
WFLP,International Workshop on Functional and (Constraint) Logic Programming,C
WHIS,Workshop on Hybrid Intelligent Systems,C
WI IAT,IEEE/WIC/ACM international Conference on Web Intelligence and Intelligent Agent Technology,C
WIC,Australasian Women in Computing Workshop,C
WICS,Women in Computing,C
WISA,International Workshop on Information Security Applications,C
WISM,International Workshop on Web Information Systems Modelling,C
WISSec,Benelux Workshop on Information and System Security,C
WISTP,Workshop in Information Security Theory and Practices,C
WITS,International Workshop on Issues in the Theory of Security,C
WKDD,International Conference on Knowledge Discovery and Data Mining,C
WMCS,International Workshop on Mobile Commerce and Services,C
WMCSA,IEEE Workshop On Mobile Computing Systems And Applications,C
WOOD,Workshop on Object Oriented Development,C
WoPP,IEEE International Conference on Parallel Processing Workshops,C
MP,"World Congress in Computer Science, Computer Engineering, and Applied Computing WORLDCO",C
WOSIS,International Workshop on Security in Information Systems,C
WoSQ,International Workshop on Software Quality,C
WOTE,IAVoSS Workshop On Trustworthy Elections,C
WPC,Workshop on Parameterized Complexity,C
WRSO,Workshop on Robust Shape Operations,C
WSE,IEEE International Symposium on Web Systems Evolution,C
WWCA,International Conference on Worldwide Computing and Its Applications,C
X Schemas,International Workshop on Schema Languages for XML,C
Xsym,International XML Database Symposium,C
ZB,International Conference of Z and B Users,C
ZUSER,International Conference of Z Users,C